rainfall,humidity,temperature,flood_risk
37.454011884736246,34.81063430708957,17.85117051207718,Low
95.07143064099162,63.35207579026865,17.409363972159994,Medium
73.1993941811405,89.83566687011266,37.1876374156311,Medium
59.86584841970366,78.5779909127649,17.486385995485183,Medium
15.601864044243651,84.52489182891598,18.158491783858928,Medium
15.599452033620265,72.70266933685738,32.78194787253891,Low
5.8083612168199465,75.3821251614282,23.492195273516202,Low
86.61761457749351,87.93565212522554,33.301316708655435,High
60.11150117432088,39.97344070873488,11.960984726931557,Medium
70.80725777960456,59.15399709145124,24.62713581020153,Medium
2.0584494295802447,37.69675534556818,11.00840800549848,Low
96.99098521619943,99.01344063973175,11.879596103660635,High
83.24426408004217,95.52474717492906,37.19312360033233,High
21.233911067827616,23.154144909480472,14.177361133527855,Low
18.182496720710063,76.44601380125508,25.972620468256515,Low
18.34045098534338,94.01986539325327,22.332868078021196,Low
30.42422429595377,34.44602761018668,20.42029978776528,Low
52.475643163223786,65.43561844421035,36.99500037061817,Medium
43.194501864211574,93.23906380704335,10.654701903264685,Medium
29.122914019804192,22.715678286863906,29.913690585267673,Low
61.18528947223795,75.7936213797472,38.901833026406514,Medium
13.949386065204184,43.78792058980406,26.805045503855258,Low
29.214464853521815,93.95169563012243,38.104673860992754,Low
36.63618432936917,97.68465961322943,11.567736378580713,Medium
45.606998421703594,95.54131912907471,22.56379957222484,Low
78.51759613930136,57.9371373325971,17.804733728861535,Medium
19.967378215835975,88.96341207914507,31.924628949421894,Low
51.42344384136116,87.56395188280563,39.4389127149174,Medium
59.24145688620425,45.528037859460454,17.695901873327436,Medium
4.645041271999773,86.3132379320542,29.625238044222233,Low
60.75448519014384,22.96061077723941,15.942928982792203,Medium
17.052412368729154,67.70159027856424,26.959907637148298,Low
6.505159298527952,38.40070698301624,23.917974600650084,Low
94.88855372533332,29.645350862182305,39.16015988894611,Medium
96.56320330745594,26.156256130336732,28.255818180893996,Medium
80.83973481164611,75.70310207025118,20.485191162604565,Medium
30.46137691733707,47.18999710144529,13.422873546638002,Low
9.767211400638388,77.98134172230093,14.537404862048037,Medium
68.42330265121569,25.22850726391539,16.759507898537052,Medium
44.01524937396013,45.223227026448825,17.52899984020894,Low
12.203823484477883,63.15930339002698,35.51848173523413,Low
49.51769101112702,83.25785318711709,26.83668364847575,Low
3.4388521115218396,45.5002002345656,25.701727341230992,Low
90.9320402078782,70.07131011496072,13.443066156076524,Medium
25.87799816000169,90.87821985889497,35.80419080048305,Low
66.2522284353982,69.26905505458436,31.68442909625451,Medium
31.171107608941096,38.6367579802907,12.030050857000047,Low
52.00680211778108,21.952062524523043,31.23505291689306,Medium
54.67102793432797,89.60790991207439,26.30614652027938,Medium
18.485445552552704,21.701552868030973,12.451760372403347,Low
96.95846277645586,89.97613381473596,23.749019245859692,High
77.51328233611146,62.31497072217696,24.54088861390141,Medium
93.9498941564189,95.1254158810317,14.973236204898273,High
89.48273504276489,83.90265886189323,38.37094441000847,High
59.78999788110851,99.834728842667,35.49926114441986,Medium
92.18742350231169,48.05694523613681,30.07067011987325,Medium
8.84925020519195,81.37506311449016,23.868866830018217,Low
19.59828624191452,52.15447308873937,22.352966247535257,Low
4.522728891053807,58.39004962431271,29.529204014528624,Low
32.53303307632643,70.2004370574696,26.362956082207162,Low
38.8677289689482,89.8941691349071,11.868193176456568,Medium
27.134903177389592,98.72667753594361,25.37507946310995,Low
82.87375091519293,81.46187310916146,34.192108516985186,High
35.67533266935893,53.4213425733867,23.77719632790874,Low
28.093450968738075,53.70856018216561,11.558697326628053,Low
54.26960831582485,79.00658412711132,33.588345981520995,Medium
14.092422497476264,39.10217166146418,16.04091346407923,Low
80.21969807540397,28.837929050511573,17.758625046641164,Medium
7.455064367977082,48.36977261126212,14.941190602968877,Low
98.68869366005173,42.97911933232654,19.906451946144927,Medium
77.22447692966574,43.7046496364792,32.70254517065905,Medium
19.87156815341724,38.688620083992795,25.58157578511812,Low
0.5522117123602399,23.36745517090895,16.146438224521376,Low
81.54614284548342,21.429914778673105,36.33490234456123,Medium
70.68573438476172,99.01779117888252,36.387455648545874,Medium
72.90071680409874,54.22185069886899,36.11735275138021,Medium
77.12703466859458,50.74613177277453,17.16388634144618,Medium
7.4044651734090365,74.3717826154456,23.537180325429645,Low
35.84657285442726,37.46031102920513,39.54968968422625,Low
11.586905952512971,95.99689471601803,33.16037428929971,Low
86.31034258755935,82.90760115324417,10.815022636766795,High
62.329812682755794,27.15288018498076,11.956137737814762,Medium
33.08980248526492,53.40646206279427,23.917941304369982,Low
6.355835028602364,90.32946460497317,37.27660617584681,Low
31.09823217156622,95.57856178331282,26.161053938581425,Low
32.518332202674706,57.39212089998958,24.934375241028707,Low
72.96061783380641,69.07291113685662,13.164210998698918,Medium
63.75574713552131,33.36271568736602,29.70340314172882,Medium
88.72127425763266,99.29349009095813,34.66309481800677,High
47.22149251619493,38.53373611067547,21.412600225226868,Low
11.959424593830171,95.41854193081005,33.26835552775982,Low
71.3244787222995,71.97173191938947,38.93429961702435,Medium
76.07850486168974,68.61894359030873,16.112993773830674,Medium
56.127719756949624,61.015080881320685,25.69988893584224,Medium
77.0967179954561,38.45358493742069,18.614138742537264,Medium
49.379559636439076,34.12224256044066,33.785632571015185,Low
52.27328293819941,37.63889672561403,27.327800976434727,Medium
42.75410183585496,34.91506097154036,29.037472526509113,Low
2.541912674409519,82.36675788534026,33.93742478847682,Low
10.789142699330444,48.01002073333841,21.879114179873646,Low
3.142918568673425,24.62741412507171,37.45270205221129,Low
63.64104112637804,97.52821041126491,25.9908660173842,Medium
31.435598107632668,90.70287079707406,14.73864468506044,Medium
50.85706911647028,94.22018265561704,30.876973545064075,Medium
90.7566473926093,99.59262581171483,33.797840513147634,High
24.929222914887493,33.91161993755898,19.5028503120258,Low
41.038292303562976,51.699361512212704,35.71537770996259,Low
75.55511385430486,80.6590780563273,37.18429764297299,Medium
22.879816549162246,75.68164944430337,18.307134621334267,Medium
7.697990982879299,32.311672507188405,39.50564418145666,Low
28.9751452913768,85.26664999924942,14.221345841462753,Medium
16.122128725400444,37.95524574693285,16.0604700520747,Low
92.96976523425731,37.905409185809845,15.526745177140784,Medium
80.8120379564417,62.957953831473084,36.819691300236116,Medium
63.34037565104234,67.43519478733626,29.628776569748855,Medium
87.14605901877177,66.40689662702489,14.563128496668186,Medium
80.36720768991145,27.31894699182039,23.20970255105047,Medium
18.657005888603585,90.19686901043043,28.458940752094062,Low
89.25589984899777,41.24800340709648,12.503922549681498,Medium
53.93422419156507,30.361193702624334,36.472491052220164,Medium
80.74401551640625,91.09984638951818,34.108106063246055,High
89.60912999234932,96.45211985838027,25.156203207299146,High
31.800347497186387,88.97020938123605,39.01379845777511,Low
11.005192452767677,84.76128597799024,22.53282937825299,Low
22.793516254194166,72.41935845112174,39.523309571094934,Low
42.71077886262563,64.06858964873115,30.03759996410881,Low
81.80147659224932,26.958940792912813,29.040138197618244,Medium
86.07305832563435,52.676257045655895,14.97864685887355,Medium
0.6952130531190703,49.81508136098512,36.45783274913932,Low
51.07473025775657,40.7803027008261,22.824690637618453,Medium
41.7411003148779,77.87360909508679,14.867002173474381,Medium
22.210781047073024,59.67005880630167,10.37822559927277,Low
11.98653673336828,26.483697272611835,26.792670509151478,Low
33.7615171403628,37.6146561559849,25.82198866368029,Low
94.29097039125192,74.66070109276768,31.580608671074756,Medium
32.320293202075526,26.090468759224017,36.70774159053406,Low
51.87906217433661,88.0965531239015,12.382197539290885,Medium
70.30189588951778,59.611722161117946,31.94489471021087,Medium
36.3629602379294,58.44692618613184,15.622358322927466,Low
97.17820827209607,67.3926227727614,35.74531159471492,Medium
96.24472949421113,85.97447727401193,34.571905415849685,High
25.178229582536417,47.824736632175444,26.22381264956633,Low
49.72485058923854,74.24129220472508,31.307283958699344,Low
30.087830981676966,65.2585571196633,19.430503395512453,Low
28.484049437746762,41.362261613553706,24.13503696798444,Low
3.6886947354532795,90.29039890841264,34.64910693131415,Low
60.956433397989684,83.79408172855425,23.777955915196415,Medium
50.26790232288615,72.67614677267403,20.733947959763256,Medium
5.147875124998935,88.04653832753935,24.826373417508997,Low
27.864646423661142,89.3835360767842,34.84747757311655,Low
90.82658859666537,76.66903813720279,20.05624142112618,Medium
23.95618906669724,86.96106626909376,15.212847794072314,Medium
14.48948720912231,75.79771693354269,31.360420609923423,Low
48.9452760277563,74.41126174082403,34.779346381242455,Low
98.56504541106007,69.48891025721474,13.019124355706,Medium
24.20552715115004,80.2173311646113,17.19622338267834,Medium
67.21355474058785,32.68840842344589,14.259159692829817,Medium
76.16196153287176,90.46966073591427,20.438242347465,Medium
23.763754399239968,89.74748221961856,23.510529367162377,Low
72.82163486118596,22.33978264276473,32.464790108899194,Medium
36.77831327192532,86.06534004518102,29.534427546450225,Low
63.23058305935795,30.309589397875616,28.627857024352934,Medium
63.35297107608947,46.809508340731355,20.571248398289633,Medium
53.57746840747585,79.48066050332862,35.2434265925428,Medium
9.02897700544083,32.860791683864655,24.138615021944936,Low
83.5302495589238,85.43736192952497,39.37314814045463,High
32.07800649717358,86.57073423661936,29.024264148872106,Low
18.651851039985424,60.597418700866896,13.787942246935081,Low
4.077514155476392,20.510869737346688,30.28532686226302,Low
59.08929431882418,42.96305065399302,19.753120462950967,Medium
67.75643618422824,69.35415347005937,30.589815900582924,Medium
1.6587828927856152,98.49489424219388,12.089234444872172,Medium
51.2093058299281,70.54508216133347,15.246443115278781,Medium
22.649577519793795,40.78428648513278,35.67211776717359,Low
64.51727904094498,70.72045624796891,16.815386710705447,Medium
17.436642900499145,63.198830377268436,35.111233757288204,Low
69.09377381024659,82.3876316120915,18.37828265363231,Medium
38.67353463005374,28.558451106156674,29.286457301761228,Low
93.67299887367345,80.88223220016224,30.82451720529493,High
13.752094414599325,63.301326294088824,25.379642594351587,Low
34.10663510502585,97.03936030871957,19.15932030090194,Medium
11.347352124058908,47.34977328309489,16.379331291132885,Low
92.46936182785628,70.60975145071585,10.995680636872788,Medium
87.7339353380981,94.5622484408014,19.118392037221714,High
25.79416277151556,28.20077823925434,29.59488371593849,Low
65.99840460341791,94.9782789789161,38.14914455345448,Medium
81.72222002012158,75.03085778406506,36.136134467891566,Medium
55.52008115994623,25.42696472841375,32.98194329605908,Medium
52.965057835600646,44.0770853557453,33.653420297598956,Medium
24.18522909004517,76.65376709162253,29.94954710427986,Low
9.310276780589922,25.388048117501736,17.80860572698009,Low
89.72157579533267,66.57363681410186,37.21585092117489,Medium
90.04180571633304,47.67064455623654,30.121969357175022,Medium
63.31014572732679,69.67324142139816,26.8132189294132,Medium
33.90297910487007,23.65936270500103,13.329684076404433,Low
34.92095746126609,89.7229444921901,23.411666314192765,Low
72.59556788702393,97.87911753419175,23.81074813605779,Medium
89.71102599525771,97.51022842285532,35.936908285680104,High
88.70864242651173,79.97214653943398,26.399446605633653,Medium
77.98755458576238,30.406899210450558,21.412016469112288,Medium
64.20316461542878,80.6610556743218,39.30400985531978,Medium
8.413996499504883,21.96695331670412,13.32161779978947,Low
16.162871409461378,21.76988412231978,22.676452849358338,Low
89.85541885270793,45.8888175319633,11.260740255142158,Medium
60.642905965958995,59.091455232373264,32.19712362300791,Medium
0.9197051616629648,81.63259342462345,37.54229656597452,Low
10.147154286603211,74.66363012852042,18.401119886514685,Medium
66.35017691080559,55.67221651013987,35.75025030397363,Medium
0.5061583846218687,41.89013330253327,18.766546913856935,Low
16.080805141749867,99.76996001261689,37.32310484931746,Low
54.87337893665861,54.094504178877834,32.61885710790352,Medium
69.18951976926932,56.11096194637404,34.14720330524316,Medium
65.19612595026005,33.089905695333535,10.540196668013635,Medium
22.42693094605598,83.58476389999436,38.88431071222078,Low
71.2179221347536,75.49457806251908,31.800129762109698,Medium
23.724908749680008,37.66156902310083,19.142532861584,Low
32.539969815926774,26.590483649267416,34.88183994576541,Low
74.64914051180241,74.43994416597704,18.445635952447898,Medium
64.96328990472146,72.36089714249081,36.18261518698384,Medium
84.9223410494178,41.86076215985675,13.37741171235811,Medium
65.76128923003434,96.06908498003283,31.110579323823874,Medium
56.830860333547164,32.08463134247202,26.22095429934731,Medium
9.367476782809248,54.586784083408155,12.896034105863224,Low
36.77158030594335,95.4892736134079,17.25681484776517,Medium
26.520236768172545,53.57818535408978,10.372121088319444,Low
24.398964337908357,71.08207581312683,24.063038963935174,Low
97.30105547524455,51.80755183702354,19.03795782280001,Medium
39.30977246667604,41.937216187893604,27.950724528932763,Low
89.20465551771133,98.71821183678625,18.917134231258515,High
63.11386259972629,52.74672050520344,18.99757334520954,Medium
79.48113035416485,91.52793629433076,32.2957959619481,Medium
50.26370931051921,38.39636847128689,11.444285079350603,Medium
57.69038846263591,37.04837632200666,37.08684985575962,Medium
49.25176938188639,22.49072663076091,35.567916231735445,Low
19.52429877980445,72.13334603007081,30.034140496792194,Low
72.24521152615053,49.48210749790089,27.796647103221527,Medium
28.07723624408558,89.14865998717096,36.76907494418957,Low
2.431596643145384,57.85679253532457,15.559905385861434,Low
64.54722959071678,97.45547423317774,12.369074865724858,Medium
17.711067940704893,34.84204125624969,17.185305097286143,Low
94.04585843529144,89.48985343644887,33.83734836100571,High
95.39285770025873,82.12774822333934,11.0401080017945,High
91.48643902204485,81.67374757152416,27.484205052504688,High
37.01587002554444,87.58265824935101,39.8631254857393,Low
1.5456616528867428,80.88191927543991,35.670882815126184,Low
92.83185625877253,70.09762573051323,25.643370671307686,Medium
42.81841483173143,30.499590214591006,11.909227278599271,Low
96.66548190436696,22.602094359300153,34.94120543157129,Medium
96.36199770892529,93.66782782525495,27.969355245316315,High
85.300945546736,69.33202516165905,13.447989911787005,Medium
29.444889206958567,83.7229832780941,12.815718544700687,Medium
38.50977286019253,58.52178812100401,37.28880458309777,Low
85.11366715168569,29.38465511699156,30.076007888142353,Medium
31.692200515627768,30.014863376204033,34.87860397950267,Low
16.94927466860925,74.84522297831771,36.36936700846802,Low
55.68012624583501,54.424471591957015,27.153170561449667,Medium
93.6154774160781,36.04197813602694,25.523390552651236,Medium
69.6029796674973,59.327563739314954,22.912822309629703,Medium
57.0061170089365,25.13671496601073,19.50839763373358,Medium
9.717649377076853,66.5577121531519,23.037878825761354,Low
61.500722669916975,41.51947235480782,33.21638967190469,Medium
99.00538501042632,83.80472805097506,28.057702930453946,High
14.008401523652402,44.8289567138859,36.775698698645385,Low
51.832965236373674,56.4176119265441,23.301400431375633,Medium
87.73730719279554,20.92964319264805,28.212687361562622,Medium
74.07686177542044,25.795751023564712,28.93922659275966,Medium
69.7015740995268,51.399484512534784,27.750914869189767,Medium
70.24840839871092,58.39510677736988,31.07901319256549,Medium
35.94911512197552,68.0016438495443,17.123004051244187,Low
29.359184426449335,43.33300629674426,25.370913326373717,Low
80.93611554785136,75.5985508901234,13.12674408425043,Medium
81.01133946791808,88.80979177513636,21.535339829344377,High
86.70723185801037,82.38807911146799,24.63001205863793,High
91.32405525564712,23.16950602786857,29.566727786364176,Medium
51.13423988609378,58.44055578062631,38.5159315775861,Medium
50.15162946871996,28.39441427345399,28.019531996450677,Medium
79.82951789667752,39.363601269002196,32.307817485296795,Medium
64.99639307777652,98.93300746137172,25.187981784856085,Medium
70.19668772577033,31.39964343212106,29.02312094128994,Medium
79.57926694361011,59.911052276108485,12.127966484013204,Medium
89.00053418175663,69.45245874544952,17.63174742525541,Medium
33.79951568515358,76.19719764352831,20.855592796154163,Low
37.5582952639944,64.77189467895313,24.174800650195408,Low
9.3981939840869,20.781667793534695,11.369462365071513,Low
57.8280140996174,46.11690465951935,14.20072292659953,Medium
3.5942273796742086,61.416931470776916,18.30442923373917,Low
46.55980181324602,27.02931993158667,39.14598072703152,Low
54.26446347075766,48.050154496734464,19.940410213091525,Medium
28.65412521282844,22.656248703309323,24.461231743362475,Low
59.08332605690107,26.28627977240166,15.882931382151789,Medium
3.050024993904943,51.75386209612768,28.32340213227305,Low
3.7348188749214417,30.617260323444828,18.42049646547923,Low
82.26005606596583,65.40326786092464,16.209777353152802,Medium
36.019064141126286,75.15719753098125,25.497178853379374,Low
12.706051265188478,84.04693592872663,10.165173974812625,Medium
52.224326005480435,36.012019539584806,10.22992097947676,Medium
76.99935530986109,33.398606580725584,16.572064273055734,Medium
21.582102749684317,28.36542722675202,11.101640875024634,Low
62.28904758190003,70.91441996349093,13.24077262392074,Medium
8.5347464993768,76.5180581189521,20.165819480162547,Low
5.16817211686077,22.526891586051363,34.07757038739439,Low
53.1354631568148,94.89697969949519,27.161459301079024,Medium
54.06351216101065,24.157702692117795,25.38003177869249,Medium
63.742990149820656,63.30370682408564,18.80466469624365,Medium
72.60913337226616,76.72484155607332,37.95261158298449,Medium
97.58520794625346,89.67752989968685,21.91045123711575,High
51.630034830119534,77.12695457059422,12.612783003873144,Medium
32.2956472941246,84.13824664558335,28.511995483534037,Low
79.51861947687037,47.15601540342448,13.415151804298041,Medium
27.083225126207424,85.18600909972098,20.35669428405076,Low
43.89714207056361,26.409187710774013,25.222358161534267,Low
7.845638134226595,91.58533248484221,36.22667574055527,Low
2.535074341545751,63.8073900922989,24.80639741020356,Low
96.26484146779251,85.3838215969995,31.06776298094993,High
83.59801205122058,56.18546276146401,39.78450516997211,Medium
69.59742060936979,71.48621561572199,13.944673596939449,Medium
40.89529444142699,62.11221287488905,18.241945765585584,Low
17.329432007084577,78.52716174042655,21.837282267929393,Low
15.643704267108605,26.530398562447168,22.65484535616494,Low
25.024289816459532,24.828166719245104,22.33063225796637,Low
54.92266647061205,39.768258720811716,37.22833007669665,Medium
71.45959227000624,32.76357440905507,31.420979334005693,Medium
66.01973767177313,89.74268532737614,28.237156422721114,Medium
27.993389694594285,37.53711898864354,19.281181535883462,Low
95.48652806631941,98.0692204655305,34.71371152663884,High
73.78969166957685,46.951663341688544,38.65181534454967,Medium
55.43540525114007,34.569433255095944,34.6359484765068,Medium
61.17207462343522,83.17588057139832,10.046953155744188,Medium
41.96000624277899,72.69662204007008,29.09204110550221,Low
24.773098950115745,59.85565731625112,11.534061443263022,Low
35.597267865126156,64.42908407501051,17.728216610011657,Low
75.78461104643691,77.53614226178111,11.785741010433151,Medium
1.4393488629755868,38.2763793065039,28.11386358848163,Low
11.607264050691624,99.70671328453935,30.597697404778202,Low
4.600264202175275,97.98345297174265,13.434629141977155,Medium
4.072880231897013,72.02605490775495,21.515166491349383,Low
85.54605840110072,35.96339607433161,23.687095268666262,Medium
70.36578593800236,74.41825939450331,21.071590652827496,Medium
47.41738290873252,25.775872718334067,13.63075001455579,Low
9.783416065100148,22.452200176464487,22.568433705624262,Low
49.16158751168324,40.6146310808971,32.535341434252544,Low
47.34717707805657,57.009836539145304,12.130229935997665,Low
17.320186991001517,89.46180043267044,12.405400422457102,Medium
43.385164923797305,78.17352558130465,20.643138755079526,Low
39.85047343973734,79.41652169599848,38.25177134856775,Low
61.585009805221645,54.03946675584603,30.05717940168742,Medium
63.50936508676438,47.674799403757035,30.360098700176945,Medium
4.530400977204452,49.683101038768214,20.857599725135948,Low
37.46126146264712,99.01196509888463,27.809823736256153,Low
62.58599157142364,23.2087353129986,10.303935520832301,Medium
50.31362585800877,89.36251968979589,29.082881392286268,Medium
85.64898411883223,66.29403268579148,37.3986084272871,Medium
65.8693631618945,55.08923353516724,28.377204050344574,Medium
16.29344270814297,78.02061283321092,36.210957803990354,Low
7.056874740042984,58.93351531397623,31.719191663982816,Low
64.24192782063156,89.87385904653284,13.616752492110708,Medium
2.6511310541621813,92.05614912090068,37.073599218575254,Low
58.57755812734633,53.73767414987643,11.993315330673246,Medium
94.02302414249576,42.14622377880413,26.019024176432914,Medium
57.5474177875879,67.38802628746897,14.26411371380373,Medium
38.816992620652194,92.98906764933528,10.351198321927122,Medium
64.32882184423532,36.85297512045332,22.66102780382917,Medium
45.825289049151664,69.83732668507862,18.851221229624688,Low
54.56167893159349,70.52481760740164,24.58001481392809,Medium
94.14648087765252,78.64904179322248,27.315996602036524,Medium
38.610263780077425,30.525414810180784,11.31217216926842,Low
96.11905638239142,77.26599717456708,13.69009885371237,Medium
90.53506419560637,92.72260165325127,26.75927189351276,High
19.579113478929642,34.37464870961936,20.295020595179746,Low
6.9361300875165455,39.00346599391021,31.87520462648344,Low
10.077800137742665,97.71160752333117,29.56874945775819,Low
1.8221825651549728,34.47815621675918,35.368130889697206,Low
9.44429607559284,88.35080746956633,30.77478480007676,Low
68.30067734163569,59.38222851584278,22.897932321704445,Medium
7.118864846022898,39.778485952254165,30.188998671832973,Low
31.89756302937613,89.65999210180091,18.261435227662556,Medium
84.48753109694546,55.62442040021324,19.18940496334638,Medium
2.3271935735825866,61.18538831437522,33.6695547976238,Low
81.44684825889358,48.73866955198125,23.392585492047466,Medium
28.185477477339994,67.4360681147942,33.951410215550574,Low
11.816482762165625,33.08190980680182,34.67267121004835,Low
69.67371653641507,51.286522932140855,35.72687012983852,Medium
62.8942846779884,97.552985786823,37.49905707523622,Medium
87.74720135270529,40.6506746160902,22.929556615398887,Medium
73.50710438038858,72.53893316330337,19.566004549634165,Medium
80.34809303848486,46.01520513797559,27.465962397823414,Medium
28.203457257130648,81.87785005492805,21.135172703128827,Low
17.743954377972283,30.469892857467986,28.03222500400699,Low
75.06147516408583,97.58568360628358,31.16757587931474,Medium
80.6834739267264,56.30316331069114,30.652150554764106,Medium
99.05051420006733,38.88403706771712,21.23658661060364,Medium
41.26176769114265,25.87973978640101,15.005806050962585,Low
37.201808579278314,33.58063240700326,22.915880153866226,Low
77.64129607419969,61.58191588448141,14.277824322457262,Medium
34.08035402530179,46.9602541145029,36.70291105551425,Low
93.07573256035647,86.31066927060876,20.376323822135724,High
85.84127518430118,54.47100189294447,14.633792416699713,Medium
42.89940273750184,39.89714180701039,10.763432797172527,Low
75.08710677914974,69.37159892832241,29.374671588594527,Medium
75.45428740846823,76.54217735083566,29.1070695236423,Medium
10.31238688359326,33.36335263207599,20.21812499743875,Low
90.25529066795667,33.40953730306541,12.15135666542953,Medium
50.525237244785714,22.933714154683436,22.288866846856962,Medium
82.64574661077417,78.91216120525124,19.336524851901807,Medium
32.00496010306117,73.10436220974441,30.313619192050282,Low
89.55232284962005,57.97047005998511,28.173377483580712,Medium
38.92016787341631,87.53363591753578,20.9378118459262,Low
1.083765148029836,84.45361223600426,16.5367766276497,Medium
90.53819764192636,66.82834915174017,39.64107898466776,Medium
9.128667678613356,89.4617024410607,23.620048635883446,Low
31.93136375904149,36.46729680294146,30.64822707340711,Low
95.0061967050805,28.95356955181823,14.216589027350823,Medium
95.06071469375561,41.57996892135917,24.567690989781934,Medium
57.34378881232861,24.56694848714519,10.826101596083964,Medium
63.183721216979926,62.49356224008256,25.1636535373135,Medium
44.84455219783198,94.92845538359691,38.92052221353107,Low
29.321077169806454,23.14748325348077,21.526201389574005,Low
32.8664545369916,29.768793120802144,11.169880377247347,Low
67.25184560770384,56.175922262674824,10.928673727580305,Medium
75.237452943768,94.7100014022324,21.639602798406084,Medium
79.15790437258485,45.29248839814004,14.800748093895821,Medium
78.96181427945538,60.57878469507139,10.700562889845578,Medium
9.120610304869036,23.325828724031368,32.68640841850531,Low
49.442030470258146,31.86745607696711,23.75569026645672,Low
5.755876001664428,98.93040983670775,18.677343159179635,Medium
54.95288823237355,97.20949571488364,37.002495490494425,Medium
44.1530501373377,20.395198474752767,13.484168806015768,Low
88.77041827582998,96.14494283385912,38.67756486865957,High
35.09150125520787,71.12959502524004,19.419001521320585,Medium
11.706701642760587,89.43346356160177,36.65211016926044,Low
14.299168205283586,56.379188450708725,28.088286294383845,Low
76.15106317174723,61.24768228634002,34.80122079224462,Medium
61.82180633162611,59.10772642055362,39.52039489631393,Medium
10.112267612279025,73.34914060368834,18.65216313456237,Medium
8.410680611499743,31.172100380505032,38.83406456222779,Low
70.096913145912,22.397887189814234,21.68445684707261,Medium
7.276300636419353,44.63439532729527,21.565357142107672,Low
82.18600592903562,76.37446101893174,20.21161312763517,Medium
70.62422271564962,36.14827616983587,26.242228220427556,Medium
8.134878064189976,73.87459466599338,14.624351295354613,Medium
8.483771408519193,97.59296368858163,26.611344560740335,Low
98.66395785011754,27.512057263153473,26.25114437230012,Medium
37.427079575612034,73.8081694580101,32.8570543781461,Low
37.06421470668909,55.50001754436569,35.00949885812757,Low
81.27995672575025,89.45138035020042,23.21324050937272,High
94.72485773838586,34.17198315579087,19.069997480544814,Medium
98.6001063822871,75.41007617809316,17.780046919512834,Medium
75.33781852589416,87.04922317184882,15.838715101146157,Medium
37.62595855309158,95.56913755792186,11.729427465970746,Medium
8.350071669866876,74.65984226317167,20.273439365041398,Low
77.71469159274368,59.773981120674186,18.107430763923496,Medium
55.840424973580504,69.42777921609711,38.99252157599222,Medium
42.42220092469763,89.51239875829745,26.731264787501317,Low
90.6354385094736,65.64877973110637,20.418311170915224,Medium
11.119748230615134,22.43096477574695,27.41402802981088,Low
49.262510429085914,94.47589564055822,14.175901040370865,Medium
1.1353644767419069,75.1621400825249,23.321312476066087,Low
46.86606419941263,74.12107086217972,28.787029642631914,Low
5.630327568183735,37.254012191817374,24.66693495377354,Low
11.881791626807193,72.71083761861257,22.053364019629726,Low
11.752624677710488,51.50915245233268,39.815451666990946,Low
64.92103021160635,72.09863816331936,36.409442864467806,Medium
74.60448792654233,28.527442424639258,28.702178744783204,Medium
58.336876509715964,72.62762436824289,27.081320835468482,Medium
96.21725484745419,99.95309806165332,28.61981439473752,High
37.48705795237041,23.856963108844482,16.039363234672997,Low
28.571208628186074,98.17393473770538,21.85413229792956,Low
86.85991281894603,52.55263685782965,11.18378598672698,Medium
22.359583851945263,89.66027602698074,24.2663811246048,Low
96.32225394406113,82.59083872466188,26.290737518729895,High
1.2154474689816341,65.36130087893342,16.832492083096287,Low
96.98788267076391,79.07593674010613,38.92086541496541,Medium
4.315991195057611,90.28124490410784,37.28363832811726,Low
89.11431136980711,52.331225732082636,31.664297063677175,Medium
52.77011090862999,46.16265292505909,26.001598862960876,Medium
99.29647961193004,73.40747084508678,36.099074789430546,Medium
7.379656473539886,84.62767535530068,13.919570314703886,Medium
55.38542844013208,80.98281078212926,33.71529382824655,Medium
96.9302535619099,83.82509190869075,13.744624419005449,High
52.30978441701488,54.84666518503464,33.82631987648216,Medium
62.93986381352625,85.42673729400173,18.273027047540708,Medium
69.57486889846172,29.616724429648677,36.31271743054567,Medium
45.454106476777326,63.559127836867965,38.32126281476194,Low
62.75580800840635,20.460692839849727,14.463879082153468,Medium
58.43143119231002,45.96686639202162,23.880268151961808,Medium
90.11580104909889,49.31692278971183,39.42962134488055,Medium
4.5446380341457875,51.69381532874043,24.502223079194398,Low
28.096318959223034,75.63737653518898,35.90642567543635,Low
95.04114840765587,51.08464810162766,27.661945663939594,Medium
89.02637838909163,55.895489809802456,21.259897237588056,Medium
45.56567527857129,39.0035304699462,18.573506665776108,Low
62.013259780153675,49.860143330347206,16.096692732582618,Medium
27.738118298113267,38.181570181052116,32.85394574133092,Low
18.81211597237613,25.85567390147549,21.596215204690836,Low
46.36984049399822,68.27588747051024,25.338263866022537,Low
35.33522280260528,73.45702388440131,24.769764400035456,Low
58.365611185087204,69.55922768076917,27.31837087699394,Medium
7.773463696498483,57.07952350404579,35.96731436873657,Low
97.43948076661665,50.38286241433838,39.422180307502884,Medium
98.62107444796028,89.06669196574602,22.227526257214507,High
69.81617140197451,61.526542810897446,34.82556766318909,Medium
53.60963663441204,58.33455021037848,32.93583383964153,Medium
30.952761628632775,22.051365264514857,27.205868543667197,Low
81.37950197069486,47.299826210092505,38.68141430835799,Medium
68.47311725538793,50.41564950286856,16.01423546585208,Medium
16.26169393448913,51.90582247175204,13.277926309288642,Low
91.09271844938425,66.41378953818659,35.61885900866267,Medium
82.2537242923169,62.68820373815028,23.174494499012447,Medium
94.9799913291924,68.63240742347557,35.40906562621181,Medium
72.571950838836,81.19066092337026,36.79270615586245,Medium
61.34151959357899,85.03885909728749,11.873727808572143,Medium
41.82430362906189,77.44984609811955,36.50394288958182,Low
93.27284833540132,96.44189567639478,23.449571661082665,High
86.60638895004084,21.45860661410893,25.312974670126966,Medium
4.521867010618941,35.662238854683686,28.797775332796306,Low
2.6366974497252005,20.605029998251368,37.791478201902606,Low
37.64633668780496,71.79797713236823,10.573482832892921,Medium
81.0553330781833,91.84244391599896,24.305304049534513,High
98.72761293149445,39.47858372610394,30.63166127291682,Medium
15.041689110352818,94.16276358370453,31.681208730946853,Low
59.41307153521351,24.821391223164866,30.77597294611324,Medium
38.08908566310215,94.75488214444114,14.033053882243657,Medium
96.99143978146031,48.12981497917075,18.981867651150438,Medium
84.21189231357087,28.11366627593732,20.761465762510404,Medium
83.83287047111378,58.86974073490605,34.13311623038515,Medium
46.86931597949703,40.542125417640634,18.36279617243659,Low
41.48195023376652,42.78983215695383,16.321148916016096,Low
27.340707193070624,44.58319719410292,38.72344057114289,Low
5.6375496650927115,84.24207182661307,10.265898553404067,Medium
86.47223762550531,63.132902134020355,39.93462567045935,Medium
81.29010091300776,44.90461593248029,30.304638965721868,Medium
99.97176732861305,68.82670266487347,34.854078983473514,Medium
99.66368370739053,77.29205393785548,18.838581890385797,Medium
55.543170560262745,41.8099200586827,10.4294583300118,Medium
76.89874151805105,53.08392812202812,32.1360855568459,Medium
94.47657298824281,29.750887466955803,35.02433791002027,Medium
84.96473906774115,34.491947962774425,32.21428395860558,Medium
24.734810174319765,74.48942831719862,14.285508619025158,Medium
45.05441353100935,34.515067815650156,32.60283766770907,Low
12.915941515149498,62.01307069336481,33.06768346322923,Low
95.40510272587224,76.72370093779462,29.756215470101647,Medium
60.617463445088006,28.55015384757951,32.98347798386759,Medium
22.864280550346272,65.38497757031229,35.377643190331966,Low
67.17006844058567,40.525022696109104,28.40812342712375,Medium
61.81282404578958,97.03415001900639,12.658141419090372,Medium
35.81627180328405,58.683651737593976,24.628834290016325,Low
11.355759219962902,84.47940398201266,12.329480040148152,Medium
67.15731955927996,64.01812337250094,22.226290930972926,Medium
52.03077009037933,23.473002628385533,22.21319467376883,Medium
77.23183917356393,70.65211004752179,11.980295324207248,Medium
52.01635011119934,96.11226737653256,20.46461601908438,Medium
85.21815003185401,68.1289456117065,13.329942963739445,Medium
55.190683877448556,85.53510875414321,34.24705630027667,Medium
56.093797153538624,90.73651706787263,38.43064077893412,Medium
87.66536026583451,38.2463817559146,12.169494257738158,Medium
40.3482866212397,36.96358719265813,38.653456218751046,Low
13.401522845064074,68.87847910807935,25.677297980102352,Low
2.8782676313338973,52.882277584536375,18.986970338616217,Low
75.5137255673619,87.18890422933762,12.305862258284906,Medium
62.03095513534647,92.00184987184089,25.018728042112535,Medium
70.40797680992236,48.27371034421745,33.83546633472246,Medium
21.296416150891073,38.94964471795856,31.212594318000946,Low
13.637147558676975,82.44204121950895,11.506780343919212,Medium
1.4544665667881929,41.984482843850884,12.187055061037105,Low
35.058755880659696,85.80914548109428,22.086198478979114,Low
58.991768685463306,53.89906029190102,18.858714821438298,Medium
39.22440450997323,73.40399194331764,16.971529691681436,Medium
43.747492202372904,27.642825106773454,18.43013496726141,Low
90.41586944937484,69.90874597412585,34.10448229890654,Medium
34.82554670233004,56.14141429897833,37.876841608955615,Low
51.39894891598108,66.92867705403793,22.15308083582699,Medium
78.3653012741143,33.441136619589074,37.18333006397491,Medium
39.65427823212701,78.94989959553456,19.64487103743646,Medium
62.20867002278735,89.02376620345828,24.293109590313748,Medium
86.23637087467452,37.33918400726205,16.78086993447999,Medium
94.9520623657642,27.657164441612938,29.214281265275318,Medium
14.707348092903793,21.89108688370691,39.36943345524426,Low
92.65876251614944,71.35772003546128,28.10479288130136,Medium
49.21162930795382,68.56752288710246,20.734422523406465,Low
25.824438829895836,63.7357930171256,29.434523379715852,Low
45.913575623826134,38.555767689278035,13.687620353961627,Low
98.0032575285477,51.27247967244117,36.65977240796196,Medium
49.26180939928696,67.55810681489385,25.092518523395093,Low
32.875161028750824,59.741348708733554,23.480492261189262,Low
63.34008543167258,99.02284161719098,27.575943653605577,Medium
24.014561877819308,30.91518020453865,28.743515883682072,Low
7.586332810866391,75.6115643238075,12.153274186795391,Medium
12.887972191064922,52.34550144834337,30.47851663670207,Low
12.804583895777244,54.25596919404918,17.257950409465888,Low
15.190269351229436,77.4078212526541,31.418578975197693,Low
13.882717264941014,75.39489210594957,34.6760438315259,Low
64.08747448032146,99.30047949617506,34.11875522657561,Medium
18.188008439914483,30.27154315633002,26.575029022236674,Low
34.56672833238632,28.328771950733305,25.605096769322536,Low
89.67884099060119,77.94710537029928,14.286278840182352,Medium
47.39616402628724,66.27095336051272,33.26038451209406,Low
66.75577385210272,41.93285332478447,18.14228141340143,Medium
17.231987120162984,26.35354951911893,24.900862684538396,Low
19.228901880867078,26.852659967714445,18.528222787825502,Low
4.086861626647886,91.53526997312946,14.014850889990793,Medium
16.893506307216455,35.34938597749943,28.886730906752096,Low
27.85903390319586,45.86972496924166,11.629961044687114,Low
17.70104842767468,38.13251217815904,32.459357023786,Low
8.87025337570556,48.39970446655499,19.527603857833498,Low
12.06358711006008,25.55390741968747,10.00404079013456,Low
46.077876803272574,61.52478327266163,25.333874177116893,Low
20.63337184057925,25.409005087377192,11.405557255828093,Low
36.42698610480755,84.02852062578893,18.285086734626987,Medium
50.34172708548569,38.69696655283464,31.209294623671486,Medium
69.03948286293652,63.20095316836085,11.880688648655976,Medium
3.9312139841098936,90.40632700491666,35.18015477068007,Low
79.94103989090426,72.07018952377553,10.114597679757493,Medium
62.79003894909078,62.636622924106824,17.404716076057067,Medium
8.17590319488719,45.94670024923005,32.22712168456214,Low
87.35786241067773,46.64015304465583,19.488104491879206,Medium
92.08724005318132,73.5589564158552,13.056771641980406,Medium
6.107795985486375,99.5311488976934,20.80701756401284,Low
27.687764814720374,72.9471351879503,18.111798591535766,Medium
80.62012797930613,64.622673389602,35.281357064816646,Medium
74.82596903836584,78.45204081913968,19.400437527554296,Medium
18.45210193563773,57.21644898269745,33.66797415328021,Low
20.93493233367103,24.811387408062817,36.756164344322045,Low
37.0472102791382,64.98374527023279,23.014522587295886,Low
48.45229851910213,96.61002276043041,37.298294315631765,Low
61.825477153029595,34.02423538861277,21.319541618895784,Medium
36.891363956977244,75.20039126565325,38.92235249470325,Low
46.25347161331479,36.07469509272452,12.678685735767187,Low
74.74709381337566,62.8662147578465,30.610577995097284,Medium
3.66832028905979,27.73411597173757,24.81442121370786,Low
25.243694434402077,56.02967490065481,21.62946416366941,Low
71.33495858845524,80.49306631161969,28.981356362458026,Medium
89.52068376871993,47.80572193911857,31.115712749029935,Medium
51.167744211566614,73.19293795897744,10.130898089509273,Medium
53.211348526531566,83.63599686317833,15.00859266241596,Medium
10.717201133977605,94.17422555835621,31.39138151902956,Low
44.741236682345466,38.77136654843628,29.991562407346194,Low
53.261726645502314,51.94527326474465,38.981425153860314,Medium
24.247050363472965,32.19328106643339,32.83113370752349,Low
26.924323094938096,99.39868017267001,38.52318123194014,Low
37.728416310462265,94.16007743394363,31.076215046044208,Low
2.007119777772637,63.196570422444765,18.941566259183297,Low
32.20791655831783,87.3626635501137,13.160947667525694,Medium
21.144800699654464,61.67663818176337,33.45471590034806,Low
32.74973521779147,69.88685504022078,29.32447664427748,Low
11.976213181925122,27.12995456928133,11.445580371798886,Low
89.0527280739895,80.42163363974464,20.80151397702935,High
59.359245355404866,30.217078690818788,38.703994464528584,Medium
67.91023191444896,86.08541042020227,25.012034371306036,Medium
78.91712386073382,82.56224701363087,22.98187408059114,Medium
49.84421989290573,76.69957581943811,23.73098815477882,Low
8.69202880874237,22.89283044198097,16.26648172015491,Low
53.71065418185478,44.250268475626285,21.061215125943857,Medium
58.68411180208791,41.04900559286743,21.094397679615298,Medium
74.54394741843299,48.810912597721526,11.570650605624172,Medium
43.16595462296794,27.011419741107083,33.02702885553755,Low
12.758030279556376,94.95662584248502,22.49513295711637,Low
28.377590579872447,64.3041792569901,34.6653966044927,Low
36.30822963986351,44.44194485264188,35.510440033596865,Low
64.59172413316013,51.75852136594267,16.359821640959744,Medium
57.077830466891186,55.77620324038685,29.720604465103857,Medium
35.60967258978462,68.04754666884938,24.16845412488945,Low
98.65152487929797,61.25435421571982,36.40470213764455,Medium
60.577481935688716,93.55135785715339,16.472220375293624,Medium
23.72267917359945,59.75707863246642,30.334396009301326,Low
10.178247262040374,99.372641185865,28.232563667581676,Low
15.285913918433202,88.11399661960766,18.859044327154983,Medium
24.595772838450813,36.680841148586865,14.098027109535177,Low
16.06813732595557,94.4476171715133,29.549192814318296,Low
18.656702405130577,29.309311830838087,32.15792374396992,Low
28.50951686938471,85.39597667929533,19.468820312900498,Medium
17.33735952947548,50.4498634781264,29.344978120669413,Low
89.67654246264252,90.23794563560556,21.8539272283451,High
8.023374566164222,89.44453520859602,31.39620649847853,Low
52.451138957025464,84.4740320094097,15.976458246821593,Medium
41.03968269896615,83.20243490456491,36.70645007908523,Low
98.23786169086064,44.37433112784326,18.622287893967393,Medium
11.203890216805235,26.473542644100174,21.033579632684585,Low
39.785559904574164,52.23841430121291,11.742758562410494,Low
96.94704332753689,33.88196119892069,13.345366369638292,Medium
86.55071258939803,75.59608711219694,25.475857081369846,Medium
81.707207094928,47.687978123022845,18.027780301839144,Medium
25.790282704493983,98.04881606879319,35.064406772265826,Low
17.088758739006582,71.27776618762655,10.440801659648615,Medium
66.8643219924431,85.79844509074887,21.372821460158086,Medium
92.93759891275857,30.601973819347876,20.12036640307278,Medium
55.67628930139298,88.9611585818098,10.57982892752803,Medium
57.161268946989985,93.82057524107155,13.731051970015306,Medium
27.997909366028416,58.96495350551487,22.40928024755906,Low
76.94929331919369,68.5002350200782,24.7859375334234,Medium
18.704374855752338,81.18478407223964,22.12869241764607,Low
32.367923640424365,33.98709018083301,25.928130352362814,Low
42.54364386164168,60.205286117075396,27.853950247170445,Low
50.7610378684455,51.89304222178505,10.297714633835069,Medium
24.240973241508023,31.70991937297993,23.922854783605118,Low
11.483682473920354,49.40275378332252,38.90497722662765,Low
61.06200424416326,25.453784750839485,25.57096840388646,Medium
28.863055324025577,22.06495255595896,30.326268023768595,Low
58.123822142261226,30.81330313238582,19.355915737506496,Medium
15.436271527420232,97.0492089271339,33.21974134458287,Low
48.114010185481746,63.96236287160136,33.18764445628345,Low
53.258943255158584,97.2657728922576,25.63888142962417,Medium
5.182353682242691,54.59983026641056,39.280414698376404,Low
33.660427819392055,44.945290646820766,13.766506442879601,Low
13.441467693897424,60.49134902721953,10.50842994668743,Low
6.337497047276774,55.16093509063281,33.10474635271288,Low
98.99602323899452,28.453174740939513,34.214666120946475,Medium
32.235384497472296,71.2661051752165,13.606216873617287,Medium
80.98744458546349,37.28305460076797,17.96748498875818,Medium
25.464065476376383,69.56703639182636,10.526570900998868,Low
68.15027222239293,72.01608739185227,18.799258323416943,Medium
76.02278598896865,32.16198825029185,33.194256217560145,Medium
59.56387406078443,24.907970168853453,25.53881583137737,Medium
47.15761885501584,82.46092688547519,20.44286779504864,Low
41.18409141472685,56.78403390154561,21.15217884718991,Low
34.88682665429953,24.65310364043806,10.040608771464045,Low
92.95291442478259,99.58930537358137,18.994015826957074,High
83.06194077877291,24.62244487970933,29.393762249137914,Medium
96.50269106665125,75.60281830868425,39.225833314490714,Medium
12.429722348554472,98.69431402107308,35.411824809516986,Low
73.08674752036443,39.13440833727405,10.707848939365874,Medium
93.83404568210378,31.379949494975694,36.956818140245176,Medium
18.123306616566015,29.71079515379431,33.49595239895878,Low
6.6496267366777495,44.262011805407646,33.411283707129414,Low
74.11206492900591,28.083664880851735,23.739872770107144,Medium
57.44731131799119,75.37290733553056,21.940158788635085,Medium
84.1828776758272,24.983343850405014,19.087471864995777,Medium
13.97723766262895,60.75377025198318,11.970845768630973,Low
79.52673118598902,99.73574830823814,16.847060904810974,Medium
20.162732004774455,85.11762156048151,17.39810904934074,Medium
16.36559428657045,69.21755505848087,24.52231209130605,Low
16.426579793099293,44.500289662928935,32.42333219790082,Low
81.45747202313821,69.91166690333108,24.214294851938398,Medium
66.51972206962002,62.163317112932134,11.735333483414818,Medium
52.30654247691193,54.086670711229715,38.73369402964612,Medium
35.88304841235025,30.45683013921596,38.281729572823366,Low
87.72005408131082,90.92833721923733,33.55568629445225,High
39.244510742263536,55.9827719057058,39.73983704692662,Low
81.65994394715771,35.56980094566121,26.33446998400789,Medium
43.91349085702184,49.420748070183166,38.88305050759618,Low
37.69444294249076,53.130380202314164,12.268151218502524,Low
46.26797856696064,86.20303164534994,20.970422447841138,Low
30.13778741641421,78.68915044491217,16.761438040202975,Medium
74.76093801762511,81.54439149130718,15.874992524028102,Medium
50.27203900924791,20.882501154291777,14.224088466780282,Medium
23.22126951468173,53.29231985438092,28.6724092469799,Low
89.95745732745685,58.50753213082589,33.43965567241915,Medium
38.38912213732114,21.535382145844537,27.34895198261082,Low
54.35528611139886,40.785056699602734,14.40888128764629,Medium
90.6472110964547,80.8231858497708,34.333713098004125,High
62.42379959139921,30.968776458319923,29.078641214911855,Medium
11.689804070836407,62.824810516207336,21.644971183809865,Low
93.98321236134751,37.216149761379,30.22390886608189,Medium
62.770805307141785,20.969661971511464,17.797149377284985,Medium
33.49056146570861,39.29611660796332,20.355766254826314,Low
13.927207266338726,98.0699003928043,37.52457529395971,Low
79.4025189270296,84.12296895063916,18.71513517014261,Medium
62.00727559285135,96.76613154568267,24.099648044738096,Medium
53.34610919763215,59.028323514109,36.70423412188044,Medium
89.38925830509577,28.778895894200282,31.231640508025823,Medium
78.85972112245308,63.83675911789544,11.866096784941082,Medium
15.167487973275119,56.350186764796874,14.41909132836911,Low
31.172206779554823,87.54856661916928,10.235247723157505,Medium
24.848913981446575,27.846606462739565,28.927653706874903,Low
74.3946292572677,59.059290961742256,23.43020276231255,Medium
3.353243473577938,32.00389317551874,14.028245527068266,Low
56.98896848713165,45.974074151204796,38.738023631703115,Medium
76.24586857406905,78.98856619102398,25.8897917183686,Medium
87.67656367617495,58.081450349501324,17.256798823386674,Medium
34.20817487159075,50.07106281166155,25.018107134641227,Low
82.12573046720128,51.55810228560283,30.388609982053232,Medium
11.063173695520723,56.75574147247893,12.287176539206934,Low
84.64522917345182,82.80132350696455,18.241114451436758,High
12.748866233198243,91.36677511521876,34.20896472651981,Low
39.72872905603673,96.42677492031426,23.78994611207984,Low
79.72953657795536,82.9522709004236,26.397314260968848,Medium
14.991742734877377,45.23255165984102,22.98448006628408,Low
22.92513952326415,75.05077648692337,11.316998279290154,Medium
72.22525683930662,55.008249924431354,14.972493394604678,Medium
72.00365365460743,40.37364976368409,23.36624916225673,Medium
64.11476328852973,87.26972635407381,16.275563962237833,Medium
69.39484444671,23.074107916986,11.499370859790362,Medium
54.27244433475962,92.14095937083388,35.309489921554714,Medium
25.179905890695274,56.91819716997873,39.43577587492348,Low
34.56959935039195,70.97611814466244,33.79428621990218,Low
18.159771680142565,72.74831377646262,35.61354765114001,Low
90.84505613336283,91.60941925652291,17.259313909511363,High
58.339179476612046,70.93357457337659,38.81880926539599,Medium
40.08514167636399,69.11468678080494,15.907771133602852,Low
46.20058036441327,25.332163244855195,38.54289431085497,Low
94.72833396118153,61.47264175561632,39.84457881897853,Medium
15.33514031160802,32.01352006536333,31.35168417238146,Low
58.62298320167972,78.99470149771885,39.43431195375466,Medium
50.5888678884466,60.97775366501396,27.08619338701311,Medium
61.14542354346478,74.41822233666826,17.78625349528271,Medium
1.8110183820840509,23.333832048190743,23.109876569968627,Low
87.21239089441515,26.783361283664256,27.80682806136358,Medium
93.21182824836124,77.30587104501458,12.192446860810449,Medium
56.51331835892089,25.76674687989387,28.670297938517383,Medium
69.66508238768922,25.70053822122069,39.435335102868834,Medium
92.24993811772957,20.968678018790996,15.703229493511829,Medium
70.72386343133986,96.5201118639584,33.7778534886515,Medium
15.253904291426135,79.00066875672056,37.236963813388584,Low
57.62883601668132,48.260112680165136,38.31104778460663,Medium
60.67150463828559,43.72284650301242,38.804068132163415,Medium
42.4130671302386,47.97625837966797,25.643789161644158,Low
73.64442356247228,81.97228249449455,39.31923723974511,Medium
93.43670147690149,72.90964888563315,32.71930621403317,Medium
92.55685129067763,34.815645429397435,14.850143087108858,Medium
45.08393714041321,33.92874682672675,24.307003194039098,Low
11.323804584075525,27.871651977071785,31.54993526116012,Low
98.48411989623345,72.82421757610706,17.420209474572502,Medium
83.88980864459342,81.14981297773888,29.218455506466622,High
12.466268120326685,41.20371426600032,29.998014371398575,Low
92.08418826173724,21.675596882473023,14.880992314256977,Medium
86.98963620621282,26.573733398114186,26.952559373582687,Medium
51.88380571260721,97.42880278760244,33.148807329358235,Medium
59.127543574492925,43.63558219819362,24.966869936078258,Medium
39.90027038701302,81.53785182705069,10.363093503283222,Medium
5.476163882203133,69.9730855083411,10.271154072378765,Low
33.519724164590095,50.555171172231674,20.710880319100365,Low
80.28534485980114,36.45498097564441,37.78582205295346,Medium
0.4632023004602859,29.710913452752514,16.860303388108264,Low
33.34991716911442,69.20103744310933,29.030910666150614,Low
39.81686935909433,81.97070245102304,16.662276120799618,Medium
53.73956029379229,71.51234028329046,19.650099689786458,Medium
91.98556164127605,62.42417065993266,35.44126268804452,Medium
34.634599436596126,23.356097874530903,31.865843268098406,Low
34.69532018962277,97.47910220755071,12.861978319396318,Medium
73.75012481097484,83.89713533236596,22.86106062959301,Medium
45.221794088980715,43.42576293607718,10.875092909357933,Low
22.460482293998197,98.39762634870806,24.42670439809027,Low
45.24395161326934,68.15052717090578,29.873020351032043,Low
14.085702037979985,66.59381265657971,13.555078707944546,Low
17.63869865062233,79.84585435436257,18.666548167274968,Medium
49.83677727394797,84.941583047211,21.93509876506471,Low
41.89254495045479,72.51828858652021,37.585930739681494,Low
91.48459010681,30.247659709296002,39.79765046268892,Medium
36.23938991166331,47.06140047955987,11.347338969868476,Low
58.05883502780434,94.24669122608398,32.83023770486176,Medium
63.22642879195304,37.969248947508156,21.151721992070296,Medium
1.3094456588333636,49.77336190700107,21.773745586884402,Low
66.35373720167107,54.56615063553568,32.62794920041068,Medium
17.803596686975144,55.15239917555618,37.552792964362254,Low
96.10703174694551,69.03516659956205,38.52785783507645,Medium
14.866272775311295,95.4460670195766,27.313677581149623,Low
41.462412372702374,39.2554169466004,20.713634779015084,Low
8.534966807864386,29.720110104073445,33.62647257576337,Low
99.68742518459473,35.79763918879499,17.530041497869007,Medium
50.21950103312426,90.95399201674157,26.92222086500553,Medium
59.53850173200438,71.66486501241648,20.757353845746195,Medium
6.7076477388427485,42.87254313913281,29.698932211236283,Low
74.99604703991778,85.27575511748938,17.211967386805206,Medium
20.990559309558577,88.90959970907488,15.747788372044774,Medium
89.80542894407138,87.72114709522225,37.54717260026311,High
20.513964048200716,93.51412269116436,13.054110488486106,Medium
19.068772066366655,40.17928161386892,25.17873723204795,Low
3.654966784809488,80.40335429970227,16.625583488890268,Medium
47.206694510999924,56.8431597819312,11.167898899770023,Low
56.48411332626164,87.35988423120492,11.080564548742792,Medium
6.570863942835237,78.27925417292906,15.256653163174821,Medium
77.55276166950105,82.11579571997797,36.00311063518001,Medium
45.32888347480276,72.49294701448572,18.4743623193108,Medium
52.439026932758004,34.19430155757655,38.513775117258874,Medium
44.07627469382282,63.60215351175506,27.448668789675807,Low
40.0763060875326,98.77357916196065,23.098425693062982,Low
55.96403313082179,94.99104531976951,27.402665040083637,Medium
15.52402459307125,23.453898863760934,25.50095155678803,Low
18.19281304952711,33.18518525835497,32.76328761271975,Low
86.17856210135173,30.538301876364955,18.474881979185568,Medium
94.61154621336327,78.07839279882364,20.591511748009072,Medium
37.330931627975296,85.4228263885556,36.82282907599752,Low
27.074467314355378,37.080909304853755,38.393695394512164,Low
64.39995432390158,60.46821543614632,36.776746824594234,Medium
40.87341710980964,87.256242240896,22.583439818719405,Low
2.538635566034486,78.62412358130004,33.410965090206446,Low
15.615259736619036,63.378976439347866,24.290071999032964,Low
71.59722288473975,67.22781523670183,24.926195564383065,Medium
65.89239419101514,60.6688437533024,16.14040327171852,Medium
2.709599250348349,43.803876105505644,27.733909097755493,Low
22.197216193294945,65.20175942872129,15.58407693260044,Low
23.10747965880714,75.11082416400725,19.946940972015813,Medium
67.18927435987284,89.86583326886462,35.65090604859805,Medium
1.9710537754364155,70.90330831833984,16.212274276325658,Medium
10.410858198457385,80.88972296345264,12.134748555202984,Medium
79.99160853731894,32.805730796365836,12.070227778384488,Medium
17.85446620543336,56.92459795358319,38.22353561509324,Low
65.27461078518748,20.746529586167462,25.207613138855038,Medium
23.81827810467265,39.73430916172984,22.28236215451055,Low
9.944139275934516,78.11693720904039,34.32635743023755,Low
24.317219099945408,99.34479610794908,35.07477783731548,Low
72.22669318556592,27.934247966977274,19.96573099346814,Medium
85.56964681062857,52.11954526890306,30.808541724213857,Medium
83.02198645669915,84.00567749593276,33.1336844755566,High
39.71835296184548,36.32285077031191,29.639520605978635,Low
66.80851365706462,64.4067959441829,14.547852244002982,Medium
20.498429541582098,78.64570368237398,36.27649250551171,Low
29.314773026101328,69.27883602081432,26.17283658208026,Low
89.63358185211197,35.04197876923329,18.47417279110011,Medium
1.3001923510736035,48.43076549485915,22.756845563130817,Low
8.550853085446807,82.70334275883178,11.12713271196722,Medium
20.78862551460273,64.33812113056133,13.836004036672527,Low
2.6532203873819715,20.41836908343302,32.96640251547582,Low
18.143543508979732,80.8792608022475,10.000349042660984,Medium
58.304156096969216,22.824908395219126,22.496974854468768,Medium
42.1424550592498,79.65870261849858,25.675305432567654,Low
89.26717110769748,36.19844481321899,11.639032600029168,Medium
81.7443561738441,96.64587840955042,39.19234488916999,High
34.1817351697876,49.43526010416676,16.78375993749016,Low
25.94234334312925,46.15452930704633,19.125961589088426,Low
37.96924081672669,31.911044026595576,19.11827536765082,Low
59.02949425148078,44.44833723921719,16.912499863520498,Medium
26.806364082287626,90.13206094625605,10.044214662589342,Medium
62.4148907849134,99.70674701017978,31.88034382263989,Medium
40.941165219124045,49.464762440547865,39.00536499397856,Low
55.204718085198024,55.8888504763634,16.72880449855135,Medium
43.61265291353167,77.76567505621897,29.891415754102674,Low
29.44657595419177,90.89566243720596,32.25688980876146,Low
94.84533069621567,67.44354673494273,35.45276137271574,Medium
76.36057941597608,51.32205585422635,22.678875910408273,Medium
14.011317576645254,53.0097472678899,19.087927169212875,Low
86.84679758979128,75.64945171974455,19.758854020690933,Medium
48.743119824951364,20.257461088342296,31.378639992955385,Low
89.45522268940914,69.56714699678726,34.50338399516908,Medium
79.98552559473153,48.43944083530859,15.44841903269808,Medium
42.52135044692334,83.53578650216674,21.128230244732954,Low
2.24693083201174,27.439251185850573,37.0582059024745,Low
26.867735938494608,67.05618135587125,34.20080559084218,Low
54.16342146608669,58.4778311908899,39.54575208287427,Medium
63.347821982614725,71.38604207241819,32.627447790462426,Medium
25.788768543320227,25.18828755863747,21.79585603083767,Low
13.935607407282413,66.3987029942505,27.719135019839133,Low
83.4930236799299,64.91876703676189,29.83042762741961,Medium
98.44021807035521,64.85280755329367,12.353674489513718,Medium
52.56901823026858,68.27901332771638,26.334908773115952,Medium
17.16792858483035,74.11743497810897,31.279624854178287,Low
27.230732651936897,84.39911997446158,15.019639120031812,Medium
1.8390676547466733,41.585657610257144,33.41895152276672,Low
91.4298806560499,86.00395281440497,27.51318341542335,High
11.775108289014113,59.86045458107629,38.56665357092784,Low
57.651647551425356,26.164662330746495,11.272668946206752,Medium
27.4055220687206,24.684074339518336,17.959784126664008,Low
55.417800251579344,46.73906549568486,28.04661637899472,Medium
65.14203883518643,82.7917581689174,18.89679736617792,Medium
82.97418037072016,76.61447477927325,31.432724922137265,Medium
20.64212717606032,83.08919717379251,32.77015847565793,Low
1.0995828658480478,61.38152451532875,13.075478921994232,Low
13.688563006880727,55.21591983643924,25.415633926203032,Low
90.00186418481051,31.796202136502714,25.26671666773168,Medium
87.38900775625153,46.25542028874492,21.078423106466232,Medium
59.74131021703083,54.72154929391002,37.98774587709016,Medium
60.051686043365336,27.08803437436938,34.82518959619664,Medium
66.50366745462554,37.6489562168969,30.916281457289102,Medium
17.53712786234496,67.8580235250991,31.429799072049928,Low
91.44119459249598,78.85304913913518,23.851484314393574,Medium
41.87705248920731,99.86780091143598,37.629835632897276,Low
38.31385282494975,94.64906650748462,30.837862817598563,Low
51.89177052828376,71.40521596281532,31.869431849674495,Medium
4.696596677505505,53.69984426352576,35.85072711362036,Low
16.628336875607943,70.89418917665861,18.222147680265728,Medium
73.80336164263704,82.85212944641856,34.212127116001085,Medium
8.279866792512646,29.466895273870986,15.857218088694761,Low
60.31521094663882,52.79239117570306,20.360258567346634,Medium
24.534910968132095,87.18418285084938,20.068313628095282,Low
38.929561404197656,50.70663615464352,39.355764051674214,Low
28.869373677069987,65.74978169817493,35.69611671243781,Low
35.567271646494916,67.02154886897586,31.035095847707794,Low
71.90459051842456,34.75810025069115,31.811702848461703,Medium
29.7121715623175,48.97883533218307,26.862183832077132,Low
56.64046402968972,46.76090309935457,38.41272001325557,Medium
47.60504021990997,22.09573668256518,24.887762586470846,Low
66.36711653626482,21.935341111308418,21.415531296096837,Medium
93.6829739324758,86.53576349406188,14.89106010794773,High
73.25720972102503,41.845664797824995,33.58616956783174,Medium
21.494037859075675,61.44630129910524,32.033317962267745,Low
3.1183135061284672,43.898045887101844,21.530651155724044,Low
26.22640442998251,95.25433960922724,10.75580241877688,Medium
59.507793070025485,40.7437407092619,35.16991983154033,Medium
5.1425813484250344,54.37254501911481,10.34253950362221,Low
49.636624720123635,89.81842003876815,31.110993388871528,Low
59.68428489168892,87.3546853433447,39.10771329178171,Medium
33.424389081696084,34.88811342770219,23.129839844446103,Low
77.09122037458219,84.21146478365684,17.04920214987858,Medium
10.65982531337718,56.65495093903141,31.14613030130145,Low
7.513778173580876,58.637509766828416,34.51384426046755,Low
72.81887562036033,30.6783977932755,26.39290948233542,Medium
49.549131620619846,26.44812110056997,39.01105825768438,Low
68.84023964277361,78.23514455790121,11.550061649738833,Medium
43.48273386037462,59.716892188423984,25.143867949135846,Low
24.640203323910683,54.948056209214364,31.553618419676503,Low
81.91023176741997,78.36065829219174,35.87921413447537,Medium
79.94158789689793,81.24103191928879,15.377668357233702,Medium
69.46964708544267,32.71265341354828,34.00010445291044,Medium
27.21451372299627,68.8180119582113,26.581212271556357,Low
59.023066686908706,30.828326582214842,21.8966104596989,Medium
36.09738969400268,80.11000688232366,13.951450857372807,Medium
9.158207332663416,72.55641250137117,35.95887276726737,Low
91.73135754622427,96.52916968667664,14.71819624539146,High
13.68186309189614,25.516641308513694,19.29363577627298,Low
95.02373538208025,24.564377692100344,18.701365958873104,Medium
44.600577295795574,42.57496597545601,36.142421025725625,Low
